{
    "DecisionTree": {
        "Accuracy": 0.8716666666666667,
        "F1": 0.794392523364486,
        "ROC-AUC": 0.8844772834035854
    },
    "RandomForest": {
        "Accuracy": 0.9245833333333333,
        "F1": 0.8774542992552471,
        "ROC-AUC": 0.9648213333502615
    },
    "GradientBoosting": {
        "Accuracy": 0.9191666666666667,
        "F1": 0.8685636856368564,
        "ROC-AUC": 0.9640024313137981
    }
}