{
    "DummyClassifier": {
        "Accuracy": 0.6766666666666666,
        "F1": 0.0,
        "ROC-AUC": 0.5
    },
    "LogisticRegression": {
        "Accuracy": 0.8275,
        "F1": 0.7076271186440678,
        "ROC-AUC": 0.8746905312071505
    },
    "DecisionTree": {
        "Accuracy": 0.8766666666666667,
        "F1": 0.800807537012113,
        "ROC-AUC": 0.8938133220760753
    },
    "RandomForest": {
        "Accuracy": 0.9245833333333333,
        "F1": 0.8774542992552471,
        "ROC-AUC": 0.9648213333502615
    },
    "GradientBoosting": {
        "Accuracy": 0.9191666666666667,
        "F1": 0.8685636856368564,
        "ROC-AUC": 0.9640024313137981
    }
}